id,name,current_party,current_district,current_chamber,given_name,family_name,gender,email,biography,birth_date,death_date,image,links,sources,capitol_address,capitol_voice,capitol_fax,district_address,district_voice,district_fax,twitter,youtube,instagram,facebook,wikidata
ocd-person/0c6a7bcf-e990-41a0-b59c-923f05771880,Adam C. Bird,Republican,63,lower,,,,,,,,https://www.legislature.ohio.gov/assets/people/adam-c-bird/headshots/thumbnails/medium/adam-c-bird-january-2023-headshot_medium.jpg,http://ohiohouse.gov/adam-c-bird,https://www.legislature.ohio.gov/legislators/house-directory;https://ohiohouse.gov/members/adam-c-bird,,,,,,,,,,,
ocd-person/d9437df7-3071-434b-b64f-46a5e15e7578,Adam C. Miller,Democratic,6,lower,Adam,Miller,,rep17@ohiohouse.gov,"""Adam Miller, a practicing attorney specializing in\_representing school\
\ districts, educational service centers and statewide educational associations,\
\ proudly serves constituents of Ohio's 17th House District.""",,,https://www.legislature.ohio.gov/assets/people/adam-c-miller/headshots/thumbnails/medium/adam-c-miller-january-2017-headshot_medium.jpg,http://www.ohiohouse.gov/adam-c-miller;http://ohiohouse.gov/adam-c-miller,http://www.ohiohouse.gov/members/member-directory;http://ohiohouse.gov/adam-c-miller;https://ohiohouse.gov/members/adam-c-miller;https://www.legislature.ohio.gov/legislators/house-directory,,,,,,,,,,,
ocd-person/78912d95-3dac-4487-810a-74be41508ebb,Adam Holmes,Republican,97,lower,Adam,Holmes,,rep97@ohiohouse.gov,,,,https://www.legislature.ohio.gov/assets/people/adam-holmes/headshots/thumbnails/medium/adam-holmes-january-2021-headshot_medium.jpg,http://www.ohiohouse.gov/adam-holmes;http://ohiohouse.gov/adam-holmes,http://www.ohiohouse.gov/members/member-directory;http://ohiohouse.gov/adam-holmes;https://ohiohouse.gov/members/adam-holmes;https://www.legislature.ohio.gov/legislators/house-directory,,,,,,,,,,,
ocd-person/b04e2962-e7c6-46b8-9a99-d7a6d3a32717,Adam Mathews,Republican,56,lower,Adam,Mathews,,,,,,https://www.legislature.ohio.gov/assets/people/adam-mathews/headshots/thumbnails/medium/adam-mathews-january-2023-headshot_medium.jpg,,https://ohiohouse.gov/members/adam-mathews;https://www.legislature.ohio.gov/legislators/house-directory,,,,,,,,,,,
ocd-person/6a1fc3b1-ebfd-47b7-adec-ddcd84d137c9,Al Cutrona,Republican,58,lower,Al,Cutrona,,,,,,https://www.legislature.ohio.gov/assets/people/al-cutrona/headshots/thumbnails/medium/al-cutrona-february-2023-headshot_medium.jpg,http://ohiohouse.gov/al-cutrona,http://ohiohouse.gov/al-cutrona;https://ohiohouse.gov/members/al-cutrona;https://www.legislature.ohio.gov/legislators/house-directory,,,,,,,,,,,
ocd-person/debec71d-fcfb-4422-9c9e-c6a8709cbb3a,Al Landis,Republican,31,upper,Al,Landis,,,,,,https://www.legislature.ohio.gov/assets/people/al-landis/headshots/thumbnails/medium/al-landis-may-2023-headshot_medium.jpg,,https://ohiosenate.gov/members/al-landis;https://www.legislature.ohio.gov/legislators/senate-directory,,,,,,,,,,,
ocd-person/07c054e9-9a51-41b2-994a-8f63b0148d07,Andrea White,Republican,36,lower,Andrea,White,,,,,,https://www.legislature.ohio.gov/assets/people/andrea-white/headshots/thumbnails/medium/andrea-white-march-2023-headshot_medium.jpg,http://ohiohouse.gov/andrea-white,http://ohiohouse.gov/andrea-white;https://ohiohouse.gov/members/andrea-white;https://www.legislature.ohio.gov/legislators/house-directory,,,,,,,,,,,
ocd-person/c61c8eaf-1de9-419d-a5dc-c96787315578,Andrew O. Brenner,Republican,19,upper,Andrew,Brenner,,sd19@ohiosenate.gov,,,,https://www.legislature.ohio.gov/assets/people/andrew-o-brenner/headshots/thumbnails/medium/andrew-o-brenner-may-2023-headshot_medium.jpg,http://www.ohiosenate.gov/senators/brenner,http://www.ohiosenate.gov/senators;https://ohiosenate.gov/members/andrew-o-brenner;https://www.legislature.ohio.gov/legislators/senate-directory,,,,,,,,,,,
ocd-person/4ed8184a-01ff-4bdc-a06c-cbf8b4c73fd6,Angela N. King,Republican,84,lower,,,,,,,,https://www.legislature.ohio.gov/assets/people/angela-n-king/headshots/thumbnails/medium/angela-n-king-january-2023-headshot_medium.jpg,,https://ohiohouse.gov/members/angela-n-king;https://www.legislature.ohio.gov/legislators/house-directory,,,,,,,,,,,
ocd-person/3bfe0748-5423-4fcf-9962-905d2b747f23,Anita Somani,Democratic,11,lower,Anita,Somani,,,,,,https://www.legislature.ohio.gov/assets/people/anita-somani/headshots/thumbnails/medium/anita-somani-january-2023-headshot_medium.jpg,,https://ohiohouse.gov/members/anita-somani;https://www.legislature.ohio.gov/legislators/house-directory,,,,,,,,,,,
ocd-person/550986e6-b595-4fa8-9424-8e09327cf060,Bernard Willis,Republican,74,lower,Bernard,Willis,,,,,,https://www.legislature.ohio.gov/assets/people/bernard-willis/headshots/thumbnails/medium/bernard-willis-february-2023-headshot_medium.jpg,,https://ohiohouse.gov/members/bernard-willis;https://www.legislature.ohio.gov/legislators/house-directory,,,,,,,,,,,
ocd-person/de0a6483-7c16-43e1-a76b-c0cc98a9d7ed,Beth Lear,Republican,61,lower,Beth,Lear,,,,,,https://www.legislature.ohio.gov/assets/people/beth-lear/headshots/thumbnails/medium/beth-lear-january-2023-headshot_medium.jpg,,https://ohiohouse.gov/members/beth-lear;https://www.legislature.ohio.gov/legislators/house-directory,,,,,,,,,,,
ocd-person/2d01ff0c-25a8-49a2-b571-ab3a7866fcf2,Beth Liston,Democratic,8,lower,Beth,Liston,,rep21@ohiohouse.gov,"A passionate advocate for affordable, high quality healthcare, State Representative
Beth Liston ran for office to bring her knowledge about health and the health impacts
of policy to our state government.",,,https://www.legislature.ohio.gov/assets/people/beth-liston/headshots/thumbnails/medium/beth-liston-january-2019-headshot_medium.jpg,http://www.ohiohouse.gov/beth-liston;http://ohiohouse.gov/beth-liston,http://www.ohiohouse.gov/members/member-directory;http://ohiohouse.gov/beth-liston;https://ohiohouse.gov/members/beth-liston;https://www.legislature.ohio.gov/legislators/house-directory,,,,,,,,,,,
ocd-person/b9200c63-1930-48f6-b870-b15a378a4c0a,Bill Dean,Republican,71,lower,Bill,Dean,,rep74@ohiohouse.gov,"State Representative Bill Dean is serving his second term in the Ohio House
of Representatives. He represents the 74th district, encompassing all of Madison
County, as well as northeastern Clark and eastern Greene counties.",,,https://www.legislature.ohio.gov/assets/people/bill-dean/headshots/thumbnails/medium/bill-dean-april-2016-headshot_medium.jpg,http://www.ohiohouse.gov/bill-dean;http://ohiohouse.gov/bill-dean,http://www.ohiohouse.gov/members/member-directory;http://ohiohouse.gov/bill-dean;https://ohiohouse.gov/members/bill-dean;https://www.legislature.ohio.gov/legislators/house-directory,,,,,,,,,,,
ocd-person/10733ff7-ee19-4e86-9b5e-65619ddbf7bf,Bill Reineke,Republican,26,upper,Bill,Reineke,,sd26@ohiosenate.gov,,,,https://www.legislature.ohio.gov/assets/people/bill-reineke/headshots/thumbnails/medium/bill-reineke-may-2023-headshot_medium.jpg,http://www.ohiohouse.gov/bill-reineke;http://www.ohiosenate.gov/senators/reineke,http://www.ohiohouse.gov/members/member-directory;http://www.ohiosenate.gov/senators;https://ohiosenate.gov/members/bill-reineke;https://www.legislature.ohio.gov/legislators/senate-directory,,,,,,,,,,,
ocd-person/4cece9f3-e252-438b-8255-a2150a4ed599,Bill Roemer,Republican,31,lower,Bill,Roemer,,rep38@ohiohouse.gov,,,,https://www.legislature.ohio.gov/assets/people/bill-roemer/headshots/thumbnails/medium/bill-roemer-january-2019-headshot_medium.jpg,http://www.ohiohouse.gov/bill-roemer;http://ohiohouse.gov/bill-roemer,http://www.ohiohouse.gov/members/member-directory;http://ohiohouse.gov/bill-roemer;https://ohiohouse.gov/members/bill-roemer;https://www.legislature.ohio.gov/legislators/house-directory,,,,,,,,,,,
ocd-person/899dde54-f8bf-4579-bbf8-dfb63f298c0c,Bill Seitz,Republican,30,lower,Bill,Seitz,,rep30@ohiohouse.gov,"A lifelong resident of Western Hamilton County, State Representative Bill
Seitz has worked to represent the best interests of the Greater Cincinnati area
at the Statehouse. Known for his colorful floor speeches and legal acumen, in a
2016 ranking of all 132 legislators published by Columbus Monthly Magazine, Seitz
was rated best speechmaker, savviest, funniest, and most knowledgeable and was also
recognized as second most effective and hardest working. He has put these talents
to good use on issues that matter to his constituents.",,,https://www.legislature.ohio.gov/assets/people/bill-seitz/headshots/thumbnails/medium/bill-seitz-january-2021-headshot_medium.jpg,http://www.ohiohouse.gov/bill-seitz;http://ohiohouse.gov/bill-seitz,http://www.ohiohouse.gov/members/member-directory;http://ohiohouse.gov/bill-seitz;https://ohiohouse.gov/members/bill-seitz;https://www.legislature.ohio.gov/legislators/house-directory,,,,,,,,,,,
ocd-person/59a0776d-2fef-4ee5-8d80-9c4095e43d86,Bob D. Hackett,Republican,10,upper,Bob,Hackett,,sd10@ohiosenate.gov,,,,https://www.legislature.ohio.gov/assets/people/bob-d-hackett/headshots/thumbnails/medium/bob-d-hackett-march-2023-headshot_medium.jpg,http://www.ohiosenate.gov/senators/hackett,http://www.ohiosenate.gov/senators;https://ohiosenate.gov/members/bob-d-hackett;https://www.legislature.ohio.gov/legislators/senate-directory,,,,,,,bobdhackett,,,,
ocd-person/cdc9f705-514e-4445-ac17-9aeac8f67e97,Bob Peterson,Republican,91,lower,Bob,Peterson,,sd17@ohiosenate.gov,,,,https://www.legislature.ohio.gov/assets/people/bob-peterson/headshots/thumbnails/medium/bob-peterson-january-2023-headshot_medium.jpg,http://www.ohiosenate.gov/senators/peterson,http://www.ohiosenate.gov/senators;https://ohiohouse.gov/members/bob-peterson;https://www.legislature.ohio.gov/legislators/house-directory,,,,,,,,,,,
ocd-person/1bcfa5cd-18da-48aa-9164-f781f1086674,Bob Young,Republican,32,lower,Bob,Young,,,,,,https://www.legislature.ohio.gov/assets/people/bob-young/headshots/thumbnails/medium/bob-young-january-2023-headshot_medium.jpg,http://ohiohouse.gov/bob-young,http://ohiohouse.gov/bob-young;https://www.legislature.ohio.gov/legislators/house-directory;https://ohiohouse.gov/members/bob-young,,,,,,,,,,,
ocd-person/6c432400-72bd-42d9-ade1-8aefd99fe993,Brett Hudson Hillyer,Republican,51,lower,Brett,Hillyer,,rep98@ohiohouse.gov,"State Representative Brett Hillyer is serving his first term in the Ohio
House of Representatives. He represents the 98th District, which includes Tuscarawas
County and part of Holmes County.",,,https://www.legislature.ohio.gov/assets/people/brett-hudson-hillyer/headshots/thumbnails/medium/brett-hudson-hillyer-january-2021-headshot_medium.jpg,http://www.ohiohouse.gov/brett-hudson-hillyer;http://ohiohouse.gov/brett-hudson-hillyer,http://www.ohiohouse.gov/members/member-directory;http://ohiohouse.gov/brett-hudson-hillyer;https://ohiohouse.gov/members/brett-hudson-hillyer;https://www.legislature.ohio.gov/legislators/house-directory,,,,,,,,,,,
ocd-person/34e87b72-6224-427e-9f6e-9b6ea9d04c4c,Brian Baldridge,Republican,90,lower,Brian,Baldridge,,rep90@ohiohouse.gov,"State Representative Brian Baldridge is serving his first term in the Ohio
House of Representatives. He represents the 90th District, which includes all of
Scioto and Adams counties, as well as part of Lawrence County.",,,https://www.legislature.ohio.gov/assets/people/brian-baldridge/headshots/thumbnails/medium/brian-baldridge-january-2021-headshot_medium.jpg,http://www.ohiohouse.gov/brian-baldridge;http://ohiohouse.gov/brian-baldridge,http://www.ohiohouse.gov/members/member-directory;http://ohiohouse.gov/brian-baldridge;https://ohiohouse.gov/members/brian-baldridge;https://www.legislature.ohio.gov/legislators/house-directory,,,,,,,,,,,
ocd-person/1895e223-ba42-4e25-8cd0-915ca5cc2829,Brian E. Lampton,Republican,70,lower,,,,,,,,https://www.legislature.ohio.gov/assets/people/brian-e-lampton/headshots/thumbnails/medium/brian-e-lampton-january-2023-headshot_medium.jpg,http://ohiohouse.gov/brian-e-lampton,http://ohiohouse.gov/brian-e-lampton;https://www.legislature.ohio.gov/legislators/house-directory;https://ohiohouse.gov/members/brian-e-lampton,,,,,,,,,,,
ocd-person/a3ccce64-ea28-47dc-8bab-3af6ed2dd860,Brian Lorenz,Republican,60,lower,Brian,Lorenz,,,,,,https://www.legislature.ohio.gov/images/global/thumbnails/unavailable/portrait/medium.jpg,,https://ohiohouse.gov/members/brian-lorenz;https://www.legislature.ohio.gov/legislators/house-directory,,,,,,,,,,,
ocd-person/f4e6c51a-89bd-4841-848b-b1097fd3fc9d,Brian Stewart,Republican,12,lower,Brian,Stewart,,,,,,https://www.legislature.ohio.gov/assets/people/brian-stewart/headshots/thumbnails/medium/brian-stewart-january-2023-headshot_medium.jpg,http://ohiohouse.gov/brian-stewart,http://ohiohouse.gov/brian-stewart;https://www.legislature.ohio.gov/legislators/house-directory;https://ohiohouse.gov/members/brian-stewart,,,,,,,,,,,
ocd-person/2481dfc7-d260-49c6-9461-9e6048ed27a2,Bride Rose Sweeney,Democratic,16,lower,Bride,Sweeney,,rep14@ohiohouse.gov,"Bride Rose Sweeney is a lifelong Cleveland native and graduate of John
Carroll University, where she studied political science, business, and leadership.",,,https://www.legislature.ohio.gov/assets/people/bride-rose-sweeney/headshots/thumbnails/medium/bride-rose-sweeney-january-2019-headshot_medium.jpg,http://www.ohiohouse.gov/bride-rose-sweeney;http://ohiohouse.gov/bride-rose-sweeney,http://www.ohiohouse.gov/members/member-directory;http://ohiohouse.gov/bride-rose-sweeney;https://ohiohouse.gov/members/bride-rose-sweeney;https://www.legislature.ohio.gov/legislators/house-directory,,,,,,,,,,,
ocd-person/c58b6767-730d-4486-a08e-462ea3af3bfe,C. Allison Russo,Democratic,7,lower,Allison,Russo,,rep24@ohiohouse.gov,"Rep. Allison Russo has spent two decades advising leaders and policymakers
on issues related to the healthcare financing and care delivery needs of seniors,
vulnerable populations, veterans, and military families. Rep. Russo is a lifelong
advocate for women and families, championing issues like strong public education,
affordable and accessible healthcare, and economic strategies that sustain 21",,,https://www.legislature.ohio.gov/assets/people/c-allison-russo/headshots/thumbnails/medium/c-allison-russo-january-2021-headshot_medium.jpg,http://www.ohiohouse.gov/c-allison-russo;http://ohiohouse.gov/c-allison-russo,http://www.ohiohouse.gov/members/member-directory;http://ohiohouse.gov/c-allison-russo;https://ohiohouse.gov/members/c-allison-russo;https://www.legislature.ohio.gov/legislators/house-directory,,,,,,,,,,,
ocd-person/d7949531-f267-4e99-9611-87b3ec3e04ac,Casey Weinstein,Democratic,34,lower,Casey,Weinstein,,rep37@ohiohouse.gov,"""In Casey\u2019s family, public service is a way of life. His grandfather,\
\ father, brother, brother-in-law, and wife Amanda all served or are serving in\
\ the armed forces. He has always strived to actively engage in his community. In\
\ Dayton, he was recognized as a \u2018Top 40 Under 40\u2019 Community Leader and\
\ has been more recently recognized as one of \u201930 for the Future\u2019 by the\
\ Greater Akron Chamber of Commerce. In 2015 he was elected to serve on Hudson City\
\ Council, where he worked every day to make a positive impact for his constituents.""",,,https://www.legislature.ohio.gov/assets/people/casey-weinstein/headshots/thumbnails/medium/casey-weinstein-january-2023-headshot_medium.jpg,http://www.ohiohouse.gov/casey-weinstein;http://ohiohouse.gov/casey-weinstein,http://www.ohiohouse.gov/members/member-directory;http://ohiohouse.gov/casey-weinstein;https://ohiohouse.gov/members/casey-weinstein;https://www.legislature.ohio.gov/legislators/house-directory,,,,,,,,,,,
ocd-person/94ba65dd-57c5-4ab0-b607-5e310d50cae0,Catherine D. Ingram,Democratic,9,upper,Catherine,Ingram,,rep32@ohiohouse.gov,"As a public servant, university instructor, realtor, neighborhood leader,
mom and grandmother, Catherine Ingram knows how much the decisions made in Columbus
personally impact all of us.",,,https://www.legislature.ohio.gov/assets/people/catherine-d-ingram/headshots/thumbnails/medium/catherine-d-ingram-may-2023-headshot_medium.jpg,http://www.ohiohouse.gov/catherine-d-ingram;http://ohiohouse.gov/catherine-d-ingram,http://www.ohiohouse.gov/members/member-directory;http://ohiohouse.gov/catherine-d-ingram;https://ohiosenate.gov/members/catherine-d-ingram;https://www.legislature.ohio.gov/legislators/senate-directory,,,,,,,cingram32,,,,
ocd-person/5ba7ae7d-2f10-42b7-8784-8e734507ce33,Cecil Thomas,Democratic,25,lower,Cecil,Thomas,,sd09@ohiosenate.gov,,,,https://www.legislature.ohio.gov/assets/people/cecil-thomas/headshots/thumbnails/medium/cecil-thomas-january-2023-headshot_medium.jpg,http://www.ohiosenate.gov/senators/thomas,http://www.ohiosenate.gov/senators;https://ohiohouse.gov/members/cecil-thomas;https://www.legislature.ohio.gov/legislators/house-directory,,,,,,,,,,,
ocd-person/9ae0194c-0f5b-44c6-b84f-a0ec4d3f3a61,Cindy Abrams,Republican,29,lower,Cindy,Abrams,,rep29@ohiohouse.gov,"State Representative Cindy Abrams is serving her first term in the Ohio
House of Representatives. She represents the 29th Ohio House District, which includes
portions of western Hamilton County.",,,https://www.legislature.ohio.gov/assets/people/cindy-abrams/headshots/thumbnails/medium/cindy-abrams-january-2023-headshot_medium.jpg,http://www.ohiohouse.gov/cindy-abrams;http://ohiohouse.gov/cindy-abrams,http://www.ohiohouse.gov/members/member-directory;http://ohiohouse.gov/cindy-abrams;https://ohiohouse.gov/members/cindy-abrams;https://www.legislature.ohio.gov/legislators/house-directory,,,,,,,,,,,
ocd-person/cb2ddd04-e5b0-4c96-b217-d02b732eb896,D. J. Swearingen,Republican,89,lower,D. J.,Swearingen,,rep89@ohiohouse.gov,"State Representative D.J. Swearingen is currently serving his first term
in the Ohio House of Representatives. He represents the 89th House District, which
encompasses both Erie and Ottawa counties.",,,https://www.legislature.ohio.gov/assets/people/d-j-swearingen/headshots/thumbnails/medium/d-j-swearingen-january-2021-headshot_medium.jpg,http://www.ohiohouse.gov/d-j-swearingen;http://ohiohouse.gov/d-j-swearingen,http://www.ohiohouse.gov/members/member-directory;http://ohiohouse.gov/d-j-swearingen;https://ohiohouse.gov/members/d-j-swearingen;https://www.legislature.ohio.gov/legislators/house-directory,,,,,,,,,,,
ocd-person/1cc15373-6101-48fb-9597-d731c115eb70,Dani Isaacsohn,Democratic,24,lower,Dani,Isaacsohn,,,,,,https://www.legislature.ohio.gov/assets/people/dani-isaacsohn/headshots/thumbnails/medium/dani-isaacsohn-april-2023-headshot_medium.jpg,,https://ohiohouse.gov/members/dani-isaacsohn;https://www.legislature.ohio.gov/legislators/house-directory,,,,,,,,,,,
ocd-person/04d4dc4f-a38a-4d50-8962-ea961550b2ff,Daniel P. Troy,Democratic,23,lower,,,,,,,,https://www.legislature.ohio.gov/assets/people/daniel-p-troy/headshots/thumbnails/medium/daniel-p-troy-january-2021-headshot_medium.jpg,http://ohiohouse.gov/daniel-p-troy,http://ohiohouse.gov/daniel-p-troy;https://ohiohouse.gov/members/daniel-p-troy;https://www.legislature.ohio.gov/legislators/house-directory,,,,,,,,,,,
ocd-person/a75181f0-f0e8-4af3-aefd-6cc08543af1a,Darnell T. Brewer,Democratic,18,lower,,,,,,,,https://www.legislature.ohio.gov/assets/people/darnell-t-brewer/headshots/thumbnails/medium/darnell-t-brewer-january-2023-headshot_medium.jpg,,https://ohiohouse.gov/members/darnell-t-brewer;https://www.legislature.ohio.gov/legislators/house-directory,,,,,,,,,,,
ocd-person/92de07aa-a6c7-4c4b-ada7-02ebbe4a17f6,Darrell Kick,Republican,98,lower,Darrell,Kick,,rep70@ohiohouse.gov,"State Representative Darrell Kick is serving his second term in the Ohio
House. He represents the 70th District, which includes all of Ashland County and
portions of Holmes and Medina counties.",,,https://www.legislature.ohio.gov/assets/people/darrell-kick/headshots/thumbnails/medium/darrell-kick-january-2021-headshot_medium.jpg,http://www.ohiohouse.gov/darrell-kick;http://ohiohouse.gov/darrell-kick,http://www.ohiohouse.gov/members/member-directory;http://ohiohouse.gov/darrell-kick;https://ohiohouse.gov/members/darrell-kick;https://www.legislature.ohio.gov/legislators/house-directory,,,,,,,,,,,
ocd-person/de058978-37b3-4f2d-89b3-3aa8798b301e,Dave Dobos,Republican,10,lower,Dave,Dobos,,,,,,https://www.legislature.ohio.gov/assets/people/dave-dobos/headshots/thumbnails/medium/dave-dobos-january-2023-headshot_medium.jpg,,https://ohiohouse.gov/members/dave-dobos;https://www.legislature.ohio.gov/legislators/house-directory,,,,,,,,,,,
ocd-person/3cc09045-f832-464a-8873-3c5775456670,Derek Merrin,Republican,42,lower,Derek,Merrin,,rep47@ohiohouse.gov,"State Representative Derek Merrin is serving his second term in the Ohio
House after being appointed in 2016. He represents the 47th district, which includes
portions of Lucas and Fulton counties.",,,https://www.legislature.ohio.gov/assets/people/derek-merrin/headshots/thumbnails/medium/derek-merrin-january-2021-headshot_medium.jpg,http://www.ohiohouse.gov/derek-merrin;http://ohiohouse.gov/derek-merrin,http://www.ohiohouse.gov/members/member-directory;http://ohiohouse.gov/derek-merrin;https://ohiohouse.gov/members/derek-merrin;https://www.legislature.ohio.gov/legislators/house-directory,,,,,,,,,,,
ocd-person/0e7997cd-9c4b-4f28-8ed5-1f9bda887e07,Dick Stein,Republican,54,lower,Dick,Stein,,rep57@ohiohouse.gov,"Dick Stein is currently serving his second term as state representative.
He represents the 57th Ohio House District, which includes all of Huron County and
portions of Lorain County.",,,https://www.legislature.ohio.gov/assets/people/dick-stein/headshots/thumbnails/medium/dick-stein-january-2017-headshot_medium.jpg,http://www.ohiohouse.gov/dick-stein;http://ohiohouse.gov/dick-stein,http://www.ohiohouse.gov/members/member-directory;http://ohiohouse.gov/dick-stein;https://ohiohouse.gov/members/dick-stein;https://www.legislature.ohio.gov/legislators/house-directory,,,,,,,,,,,
ocd-person/22d5a5b7-e1f4-4988-8242-eefd7468cc81,Don Jones,Republican,95,lower,Don,Jones,,rep95@ohiohouse.gov,,,,https://www.legislature.ohio.gov/assets/people/don-jones/headshots/thumbnails/medium/don-jones-january-2023-headshot_medium.jpg,http://www.ohiohouse.gov/don-jones;http://ohiohouse.gov/don-jones,http://www.ohiohouse.gov/members/member-directory;http://ohiohouse.gov/don-jones;https://ohiohouse.gov/members/don-jones;https://www.legislature.ohio.gov/legislators/house-directory,,,,,,,,,,,
ocd-person/74c1210d-fb56-4522-8d3a-0a2bb08c972b,Dontavius L. Jarrells,Democratic,1,lower,,,,,,,,https://www.legislature.ohio.gov/assets/people/dontavius-l-jarrells/headshots/thumbnails/medium/dontavius-l-jarrells-january-2021-headshot_medium.jpg,http://ohiohouse.gov/dontavius-l-jarrells,http://ohiohouse.gov/dontavius-l-jarrells;https://ohiohouse.gov/members/dontavius-l-jarrells;https://www.legislature.ohio.gov/legislators/house-directory,,,,,,,,,,,
ocd-person/bfe003c4-6a28-46d6-b831-07bfe8662926,"Elgin Rogers, Jr.",Democratic,44,lower,,,,,,,,https://www.legislature.ohio.gov/assets/people/elgin-rogers-jr/headshots/thumbnails/medium/elgin-rogers-jr-november-2022-headshot_medium.jpg,,https://ohiohouse.gov/members/elgin-rogers-jr;https://www.legislature.ohio.gov/legislators/house-directory,,,,,,,,,,,
ocd-person/9dea6ab9-d59d-48c6-822d-23c2c4bb84a5,Elliot Forhan,Democratic,21,lower,Elliot,Forhan,,,,,,https://www.legislature.ohio.gov/assets/people/elliot-forhan/headshots/thumbnails/medium/elliot-forhan-january-2023-headshot_medium.jpg,,https://ohiohouse.gov/members/elliot-forhan;https://www.legislature.ohio.gov/legislators/house-directory,,,,,,,,,,,
ocd-person/f89b3cfc-8ae0-4534-960e-bb4fa0d4e3ae,Frank Hoagland,Republican,30,upper,Frank,Hoagland,,sd30@ohiosenate.gov,,,,https://www.legislature.ohio.gov/assets/people/frank-hoagland/headshots/thumbnails/medium/frank-hoagland-may-2023-headshot_medium.jpg,http://www.ohiosenate.gov/senators/hoagland,http://www.ohiosenate.gov/senators;https://ohiosenate.gov/members/frank-hoagland;https://www.legislature.ohio.gov/legislators/senate-directory,,,,,,,hoaglandforohio,,,,
ocd-person/4340da3c-c4d8-4381-9f20-f196d09e0896,Gail K. Pavliga,Republican,72,lower,,,,,,,,https://www.legislature.ohio.gov/assets/people/gail-k-pavliga/headshots/thumbnails/medium/gail-k-pavliga-january-2023-headshot_medium.jpg,http://ohiohouse.gov/gail-k-pavliga,http://ohiohouse.gov/gail-k-pavliga;https://www.legislature.ohio.gov/legislators/house-directory;https://ohiohouse.gov/members/gail-k-pavliga,,,,,,,,,,,
ocd-person/04e3c98a-4ede-4501-b914-4fa13fbad194,Gary Click,Republican,88,lower,Gary,Click,,,,,,https://www.legislature.ohio.gov/assets/people/gary-click/headshots/thumbnails/medium/gary-click-january-2023-headshot_medium.jpg,http://ohiohouse.gov/gary-click,http://ohiohouse.gov/gary-click;https://ohiohouse.gov/members/gary-click;https://www.legislature.ohio.gov/legislators/house-directory,,,,,,,,,,,
ocd-person/b29aadca-f2da-4f09-8a1d-7aa328768507,Gayle Manning,Republican,52,lower,Gayle,Manning,,rep55@ohiohouse.gov,,,,https://www.legislature.ohio.gov/assets/people/gayle-manning/headshots/thumbnails/medium/gayle-manning-january-2019-headshot_medium.jpg,http://www.ohiohouse.gov/gayle-manning;http://ohiohouse.gov/gayle-manning,http://www.ohiohouse.gov/members/member-directory;http://ohiohouse.gov/gayle-manning;https://www.legislature.ohio.gov/legislators/house-directory;https://ohiohouse.gov/members/gayle-manning,,,,,,,,,,,
ocd-person/445d3fc7-d9a5-48d8-8869-f023aa274ae7,George F. Lang,Republican,4,upper,George,Lang,,sd04@ohiosenate.gov,,,,https://www.legislature.ohio.gov/assets/people/george-f-lang/headshots/thumbnails/medium/george-f-lang-may-2023-headshot_medium.jpg,http://www.ohiohouse.gov/george-f-lang;http://www.ohiosenate.gov/senators/lang,http://www.ohiohouse.gov/members/member-directory;http://www.ohiosenate.gov/senators;https://ohiosenate.gov/members/george-f-lang;https://www.legislature.ohio.gov/legislators/senate-directory,,,,,,,,,,,
ocd-person/82dd3548-078a-41a8-8c5b-6c652d88d0d2,Haraz N. Ghanbari,Republican,75,lower,Haraz,Ghanbari,,rep03@ohiohouse.gov,,,,https://www.legislature.ohio.gov/assets/people/haraz-n-ghanbari/headshots/thumbnails/medium/haraz-n-ghanbari-january-2021-headshot_medium.jpg,http://www.ohiohouse.gov/haraz-n-ghanbari;http://ohiohouse.gov/haraz-n-ghanbari,http://www.ohiohouse.gov/members/member-directory;http://ohiohouse.gov/haraz-n-ghanbari;https://ohiohouse.gov/members/haraz-n-ghanbari;https://www.legislature.ohio.gov/legislators/house-directory,,,,,,,,,,,
ocd-person/ed858ef9-97dc-4be8-97ab-006ea96923ae,Hearcel F. Craig,Democratic,15,upper,Hearcel,Craig,,sd15@ohiosenate.gov,,,,https://www.legislature.ohio.gov/assets/people/hearcel-f-craig/headshots/thumbnails/medium/hearcel-f-craig-may-2023-headshot_medium.jpg,http://www.ohiosenate.gov/senators/craig,http://www.ohiosenate.gov/senators;https://ohiosenate.gov/members/hearcel-f-craig;https://www.legislature.ohio.gov/legislators/senate-directory,,,,,,,hearcelcraig,,hearcelcraig,senatorhearcelcraig,
ocd-person/ed31c4e5-e835-4c4c-9352-217f5dcf1037,Ismail Mohamed,Democratic,3,lower,Ismail,Mohamed,,,,,,https://www.legislature.ohio.gov/assets/people/ismail-mohamed/headshots/thumbnails/medium/ismail-mohamed-january-2023-headshot_medium.jpg,,https://ohiohouse.gov/members/ismail-mohamed;https://www.legislature.ohio.gov/legislators/house-directory,,,,,,,,,,,
ocd-person/1a598246-01e8-44c8-beca-2c41e1bafb77,James M. Hoops,Republican,81,lower,James,Hoops,,rep81@ohiohouse.gov,"State Representative Jim Hoops is serving his second term in the Ohio House,
after being appointed during the 132",,,https://www.legislature.ohio.gov/assets/people/james-m-hoops/headshots/thumbnails/medium/james-m-hoops-january-2021-headshot_medium.jpg,http://www.ohiohouse.gov/james-m-hoops;http://ohiohouse.gov/james-m-hoops,http://www.ohiohouse.gov/members/member-directory;http://ohiohouse.gov/james-m-hoops;https://ohiohouse.gov/members/james-m-hoops;https://www.legislature.ohio.gov/legislators/house-directory,,,,,,,,,,,
ocd-person/4b7cbc16-7a67-4a61-8fd5-77a857270774,Jamie Callender,Republican,57,lower,Jamie,Callender,,rep61@ohiohouse.gov,"State Representative Jamie Callender is currently serving his first term
as state representative. He represents the 61st House District in the eastern portion
of Lake County.",,,https://www.legislature.ohio.gov/assets/people/jamie-callender/headshots/thumbnails/medium/jamie-callender-january-2021-headshot_medium.jpg,http://www.ohiohouse.gov/jamie-callender;http://ohiohouse.gov/jamie-callender,http://www.ohiohouse.gov/members/member-directory;http://ohiohouse.gov/jamie-callender;https://ohiohouse.gov/members/jamie-callender;https://www.legislature.ohio.gov/legislators/house-directory,,,,,,,,,,,
ocd-person/fbd5ca34-d2ed-41d0-a0f8-03ee8eca8a4d,Jason Stephens,Republican,93,lower,Jason,Stephens,,rep93@ohiohouse.gov,"State Representative Jason C. Stephens is serving his first term in the
Ohio House of Representatives. He serves the 93rd House District, which includes
Jackson and Gallia counties, as well as portions of Lawrence and Vinton counties.",,,https://www.legislature.ohio.gov/assets/people/jason-stephens/headshots/thumbnails/medium/jason-stephens-january-2021-headshot_medium.jpg,http://www.ohiohouse.gov/jason-stephens;http://ohiohouse.gov/jason-stephens,http://www.ohiohouse.gov/members/member-directory;http://ohiohouse.gov/jason-stephens;https://ohiohouse.gov/members/jason-stephens;https://www.legislature.ohio.gov/legislators/house-directory,,,,,,,,,,,
ocd-person/996aa113-f421-4925-b943-336844b8814a,Jay Edwards,Republican,94,lower,Jay,Edwards,,rep94@ohiohouse.gov,"State Representative Jay Edwards is serving his second term as state representative.
He represents the 94th Ohio House District, which includes Athens, Meigs, Washington,
and Vinton Counties.",,,https://www.legislature.ohio.gov/assets/people/jay-edwards/headshots/thumbnails/medium/jay-edwards-january-2021-headshot_medium.jpg,http://www.ohiohouse.gov/jay-edwards;http://ohiohouse.gov/jay-edwards,http://www.ohiohouse.gov/members/member-directory;http://ohiohouse.gov/jay-edwards;https://ohiohouse.gov/members/jay-edwards;https://www.legislature.ohio.gov/legislators/house-directory,,,,,,,jayedwardsohio,,jayedwardsohio,JayEdwardsOhio,
ocd-person/392629a2-7bb2-47df-8128-d4cd7d858324,Jean Schmidt,Republican,62,lower,Jean,Schmidt,,,,,,https://www.legislature.ohio.gov/assets/people/jean-schmidt/headshots/thumbnails/medium/jean-schmidt-january-2021-headshot_medium.jpg,http://ohiohouse.gov/jean-schmidt,http://ohiohouse.gov/jean-schmidt;https://www.legislature.ohio.gov/legislators/house-directory;https://ohiohouse.gov/members/jean-schmidt,,,,,,,,,,,
ocd-person/60fdc824-a8ab-44fa-80ca-053d8698218e,Jeff LaRe,Republican,73,lower,Jeff,LaRe,,rep77@ohiohouse.gov,"State Representative Jeff LaRe (R-Violet Twp.) is currently serving his
first term as state representative. He represents the 77th Ohio House District,
which includes most of Fairfield County.",,,https://www.legislature.ohio.gov/assets/people/jeff-lare/headshots/thumbnails/medium/jeff-lare-january-2021-headshot_medium.jpg,http://www.ohiohouse.gov/jeff-lare;http://ohiohouse.gov/jeff-lare,http://www.ohiohouse.gov/members/member-directory;http://ohiohouse.gov/jeff-lare;https://ohiohouse.gov/members/jeff-lare;https://www.legislature.ohio.gov/legislators/house-directory,,,,,,,,,,,
ocd-person/56161a79-480c-4b58-b0a1-a802a8bfd2f4,Jena Powell,Republican,80,lower,Jena,Powell,,rep80@ohiohouse.gov,,,,https://www.legislature.ohio.gov/assets/people/jena-powell/headshots/thumbnails/medium/jena-powell-january-2021-headshot_medium.jpg,http://www.ohiohouse.gov/jena-powell;http://ohiohouse.gov/jena-powell,http://www.ohiohouse.gov/members/member-directory;http://ohiohouse.gov/jena-powell;https://ohiohouse.gov/members/jena-powell;https://www.legislature.ohio.gov/legislators/house-directory,,,,,,,,,,,
ocd-person/4817cf28-df1f-4ccc-bc09-25809222e530,Jennifer Gross,Republican,45,lower,Jennifer,Gross,,,,,,https://www.legislature.ohio.gov/assets/people/jennifer-gross/headshots/thumbnails/medium/jennifer-gross-january-2021-headshot_medium.jpg,http://ohiohouse.gov/jennifer-gross,http://ohiohouse.gov/jennifer-gross;https://ohiohouse.gov/members/jennifer-gross;https://www.legislature.ohio.gov/legislators/house-directory,,,,,,,,,,,
ocd-person/b27fdceb-e9c1-46b8-9fc2-323c3f6f784c,Jerry C. Cirino,Republican,18,upper,,,,sd18@ohiosenate.gov,,,,https://www.legislature.ohio.gov/assets/people/jerry-c-cirino/headshots/thumbnails/medium/jerry-c-cirino-march-2023-headshot_medium.jpg,http://www.ohiosenate.gov/senators/cirino,http://www.ohiosenate.gov/senators;https://ohiosenate.gov/members/jerry-c-cirino;https://www.legislature.ohio.gov/legislators/senate-directory,,,,,,,,,,,
ocd-person/0b28750a-e6a6-46b3-a59b-9f654e711742,Jessica E. Miranda,Democratic,28,lower,Jessica,Miranda,,rep28@ohiohouse.gov,"""Jessica is a lifelong Ohioan and has a passion for education policy and\
\ greater economic opportunity for the taxpayers and families of Ohio\u2019s 28th\
\ House District. A graduate of Talawanda High School, she is a proud product of\
\ public schools and her children attend the Winton Woods City School District.""",,,https://www.legislature.ohio.gov/assets/people/jessica-e-miranda/headshots/thumbnails/medium/jessica-e-miranda-february-2023-headshot_medium.jpg,http://www.ohiohouse.gov/jessica-e-miranda;http://ohiohouse.gov/jessica-e-miranda,http://www.ohiohouse.gov/members/member-directory;http://ohiohouse.gov/jessica-e-miranda;https://ohiohouse.gov/members/jessica-e-miranda;https://www.legislature.ohio.gov/legislators/house-directory,,,,,,,,,,,
ocd-person/ba95511f-3692-426c-bf85-c41ff737eeec,Jim Thomas,Republican,49,lower,Jim,Thomas,,,,,,https://www.legislature.ohio.gov/assets/people/jim-thomas/headshots/thumbnails/medium/jim-thomas-february-2023-headshot_medium.jpg,,https://ohiohouse.gov/members/jim-thomas;https://www.legislature.ohio.gov/legislators/house-directory,,,,,,,,,,,
ocd-person/db1a5f41-b26c-4875-8e9d-6f8466b101cb,Jon Cross,Republican,83,lower,Jon,Cross,,rep83@ohiohouse.gov,"""State Representative Jon Cross (R-Kenton) is serving his first term in\
\ the Ohio House of Representatives, representing the people of Northwest Ohio\u2019\
s 83""",,,https://www.legislature.ohio.gov/assets/people/jon-cross/headshots/thumbnails/medium/jon-cross-january-2023-headshot_medium.jpg,http://www.ohiohouse.gov/jon-cross;http://ohiohouse.gov/jon-cross,http://www.ohiohouse.gov/members/member-directory;http://ohiohouse.gov/jon-cross;https://ohiohouse.gov/members/jon-cross;https://www.legislature.ohio.gov/legislators/house-directory,,,,,,,,,,,
ocd-person/9b5a9ff9-b35a-49aa-aa64-5d2bab574843,"Joseph A. Miller, III",Democratic,53,lower,Joseph,Miller,,rep56@ohiohouse.gov,"State Rep. Joe Miller is a passionate advocate for quality education, jobs
for hard working Ohioans, opportunities for green energy and a solution to our opioid
crisis. As an educator, Joe understands the need for Ohio schools to prepare students
for the new technology based economy rather than teaching towards mandated state
tests.",,,https://www.legislature.ohio.gov/assets/people/joseph-a-miller-iii/headshots/thumbnails/medium/joseph-a-miller-iii-january-2021-headshot_medium.jpg,http://www.ohiohouse.gov/joseph-a-miller-iii;http://ohiohouse.gov/joseph-a-miller-iii,http://www.ohiohouse.gov/members/member-directory;http://ohiohouse.gov/joseph-a-miller-iii;https://ohiohouse.gov/members/joseph-a-miller-iii;https://www.legislature.ohio.gov/legislators/house-directory,,,,,,,,,,,
ocd-person/1e52d1da-3e5c-442e-a460-d63b62709edf,Josh Williams,Republican,41,lower,Josh,Williams,,,,,,https://www.legislature.ohio.gov/assets/people/josh-williams/headshots/thumbnails/medium/josh-williams-january-2023-headshot_medium.jpg,,https://ohiohouse.gov/members/josh-williams;https://www.legislature.ohio.gov/legislators/house-directory,,,,,,,,,,,
ocd-person/ede2c8b0-9c35-4ebf-9a4a-4349fe4cc224,Juanita O. Brent,Democratic,22,lower,Juanita,Brent,,rep12@ohiohouse.gov,"""A graduate of Cleveland Heights\u2019 Beaumont School, Juanita Brent always\
\ knew she wanted to serve the communities she calls home.""",,,https://www.legislature.ohio.gov/assets/people/juanita-o-brent/headshots/thumbnails/medium/juanita-o-brent-january-2019-headshot_medium.jpg,http://www.ohiohouse.gov/juanita-o-brent;http://ohiohouse.gov/juanita-o-brent,http://www.ohiohouse.gov/members/member-directory;http://ohiohouse.gov/juanita-o-brent;https://ohiohouse.gov/members/juanita-o-brent;https://www.legislature.ohio.gov/legislators/house-directory,,,,,,,,,,,
ocd-person/d9c3dfce-8b7f-402f-9dec-5179e38b528f,Kent Smith,Democratic,21,upper,Kent,Smith,,rep08@ohiohouse.gov,,,,https://www.legislature.ohio.gov/assets/people/kent-smith/headshots/thumbnails/medium/kent-smith-may-2023-headshot_medium.jpg,http://www.ohiohouse.gov/kent-smith;http://ohiohouse.gov/kent-smith,http://www.ohiohouse.gov/members/member-directory;http://ohiohouse.gov/kent-smith;https://ohiosenate.gov/members/kent-smith;https://www.legislature.ohio.gov/legislators/senate-directory,,,,,,,,,,,
ocd-person/cefb7a31-f46c-4145-9f38-901be3b70e60,Kevin D. Miller,Republican,69,lower,,,,,,,,https://www.legislature.ohio.gov/assets/people/kevin-d-miller/headshots/thumbnails/medium/kevin-d-miller-january-2021-headshot_medium.jpg,http://ohiohouse.gov/kevin-d-miller,http://ohiohouse.gov/kevin-d-miller;https://ohiohouse.gov/members/kevin-d-miller;https://www.legislature.ohio.gov/legislators/house-directory,,,,,,,,,,,
ocd-person/953a1eac-8d01-4d46-93e6-ce6f71561897,Kirk Schuring,Republican,29,upper,Kirk,Schuring,,sd29@ohiosenate.gov,,,,https://www.legislature.ohio.gov/assets/people/kirk-schuring/headshots/thumbnails/medium/kirk-schuring-may-2023-headshot_medium.jpg,http://www.ohiosenate.gov/senators/schuring,http://www.ohiosenate.gov/senators;https://ohiosenate.gov/members/kirk-schuring;https://www.legislature.ohio.gov/legislators/senate-directory,,,,,,,,,,,
ocd-person/936e5d50-e145-494b-a397-f56570530816,Kristina D. Roegner,Republican,27,upper,Kristina,Roegner,,sd27@ohiosenate.gov,,,,https://www.legislature.ohio.gov/assets/people/kristina-d-roegner/headshots/thumbnails/medium/kristina-d-roegner-may-2023-headshot_medium.jpg,http://www.ohiosenate.gov/senators/roegner,http://www.ohiosenate.gov/senators;https://ohiosenate.gov/members/kristina-d-roegner;https://www.legislature.ohio.gov/legislators/senate-directory,,,,,,,,,,,
ocd-person/b2c76bf8-569f-4e80-bd3d-fa8273a8356c,Latyna M. Humphrey,Democratic,2,lower,,,,,,,,https://www.legislature.ohio.gov/assets/people/latyna-m-humphrey/headshots/thumbnails/medium/latyna-m-humphrey-january-2023-headshot_medium.jpg,http://ohiohouse.gov/latyna-m-humphrey,http://ohiohouse.gov/latyna-m-humphrey;https://ohiohouse.gov/members/latyna-m-humphrey;https://www.legislature.ohio.gov/legislators/house-directory,,,,,,,,,,,
ocd-person/19cbe255-2cdb-47c4-b70a-693b6bf6665b,Lauren McNally,Democratic,59,lower,Lauren,McNally,,,,,,https://www.legislature.ohio.gov/assets/people/lauren-mcnally/headshots/thumbnails/medium/lauren-mcnally-february-2023-headshot_medium.jpg,,https://ohiohouse.gov/members/lauren-mcnally;https://www.legislature.ohio.gov/legislators/house-directory,,,,,,,,,,,
ocd-person/5a9b2a16-6827-4e00-961a-f3de39538749,"Louis W. Blessing, III",Republican,8,upper,Louis,Blessing,,sd08@ohiosenate.gov,"State Representative Louis W. Blessing, III is serving his fourth term
in the Ohio House of Representatives. He represents the 29th Ohio House District,
which includes portions of western Hamilton County.",,,https://www.legislature.ohio.gov/assets/people/louis-w-blessing-iii/headshots/thumbnails/medium/louis-w-blessing-iii-march-2023-headshot_medium.jpg,http://www.ohiosenate.gov/senators/blessing,http://www.ohiosenate.gov/senators;https://ohiosenate.gov/members/louis-w-blessing-iii;https://www.legislature.ohio.gov/legislators/senate-directory,,,,,,,,,,,
ocd-person/e4f9416c-1043-4737-899e-31410e94af1d,Marilyn S. John,Republican,76,lower,,,,,,,,https://www.legislature.ohio.gov/assets/people/marilyn-s-john/headshots/thumbnails/medium/marilyn-s-john-january-2023-headshot_medium.jpg,http://ohiohouse.gov/marilyn-s-john,http://ohiohouse.gov/marilyn-s-john;https://www.legislature.ohio.gov/legislators/house-directory;https://ohiohouse.gov/members/marilyn-s-john,,,,,,,,,,,
ocd-person/4af0e8db-ad18-424f-abfa-ce31e37c0b7d,Mark Johnson,Republican,92,lower,Mark,Johnson,,,,,,https://www.legislature.ohio.gov/assets/people/mark-johnson/headshots/thumbnails/medium/mark-johnson-january-2021-headshot_medium.jpg,http://ohiohouse.gov/mark-johnson,http://ohiohouse.gov/mark-johnson;https://ohiohouse.gov/members/mark-johnson;https://www.legislature.ohio.gov/legislators/house-directory,,,,,,,,,,,
ocd-person/2ae62dc8-e902-4a8e-99b7-182477c50bc3,Mark Romanchuk,Republican,22,upper,Mark,Romanchuk,,sd22@ohiosenate.gov,,,,https://www.legislature.ohio.gov/assets/people/mark-romanchuk/headshots/thumbnails/medium/mark-romanchuk-may-2023-headshot_medium.jpg,http://www.ohiosenate.gov/senators/romanchuk,http://www.ohiosenate.gov/senators;https://ohiosenate.gov/members/mark-romanchuk;https://www.legislature.ohio.gov/legislators/senate-directory,,,,,,,,,,,
ocd-person/465a8784-a2dc-48a3-b88a-e0707265046e,Mary Lightbody,Democratic,4,lower,Mary,Lightbody,,rep19@ohiohouse.gov,"""The sixth of seven children, State Rep. Mary Lightbody grew up a country\
\ girl in Pepper Pike, Ohio. She earned her undergraduate degree from Harvard University\
\ and a doctorate in science education from The Ohio State University. She has spent\
\ the last 27 years teaching both in K-12 education and at the collegiate level\
\ in Central Ohio, most recently in a position at Ohio State\u2019s Newark campus.""",,,https://www.legislature.ohio.gov/assets/people/mary-lightbody/headshots/thumbnails/medium/mary-lightbody-january-2021-headshot_medium.jpg,http://www.ohiohouse.gov/mary-lightbody;http://ohiohouse.gov/mary-lightbody,http://www.ohiohouse.gov/members/member-directory;http://ohiohouse.gov/mary-lightbody;https://www.legislature.ohio.gov/legislators/house-directory;https://ohiohouse.gov/members/mary-lightbody,,,,,,,,,,,
ocd-person/ecbfd63c-140e-458f-a2ea-d8224e227280,Matt Dolan,Republican,24,upper,Matt,Dolan,,sd24@ohiosenate.gov,,,,https://www.legislature.ohio.gov/assets/people/matt-dolan/headshots/thumbnails/medium/matt-dolan-may-2023-headshot_medium.jpg,http://www.ohiosenate.gov/senators/dolan,http://www.ohiosenate.gov/senators;https://ohiosenate.gov/members/matt-dolan;https://www.legislature.ohio.gov/legislators/senate-directory,,,,,,,electmattdolan,,,,
ocd-person/23d51717-c6eb-4a2c-bd55-038c72593a61,Matt Huffman,Republican,12,upper,Matt,Huffman,,sd12@ohiosenate.gov,,,,https://www.legislature.ohio.gov/assets/people/matt-huffman/headshots/thumbnails/medium/matt-huffman-may-2023-headshot_medium.jpg,http://www.ohiosenate.gov/senators/huffman-m,http://www.ohiosenate.gov/senators;https://ohiosenate.gov/members/matt-huffman;https://www.legislature.ohio.gov/legislators/senate-directory,,,,,,,matthuffman1,,,,
ocd-person/fb957ddc-f41c-400d-ae32-47f7e729555b,Melanie Miller,Republican,67,lower,Melanie,Miller,,,,,,https://www.legislature.ohio.gov/assets/people/melanie-miller/headshots/thumbnails/medium/melanie-miller-january-2023-headshot_medium.jpg,,https://ohiohouse.gov/members/melanie-miller;https://www.legislature.ohio.gov/legislators/house-directory,,,,,,,,,,,
ocd-person/32cc69a9-b141-44c3-bf4c-d8bc35c5c109,Michael A. Rulli,Republican,33,upper,Michael,Rulli,,sd33@ohiosenate.gov,,,,https://www.legislature.ohio.gov/assets/people/michael-a-rulli/headshots/thumbnails/medium/michael-a-rulli-may-2023-headshot_medium.jpg,http://www.ohiosenate.gov/senators/rulli,http://www.ohiosenate.gov/senators;https://ohiosenate.gov/members/michael-a-rulli;https://www.legislature.ohio.gov/legislators/senate-directory,,,,,,,,,,rulliforsenate,
ocd-person/b37ab690-7668-422e-9926-0e817cd07b9b,Michael J. Skindell,Democratic,13,lower,Michael,Skindell,,rep13@ohiohouse.gov,,,,https://www.legislature.ohio.gov/assets/people/michael-j-skindell/headshots/thumbnails/medium/michael-j-skindell-january-2021-headshot_medium.jpg,http://www.ohiohouse.gov/michael-j-skindell;http://ohiohouse.gov/michael-j-skindell,http://www.ohiohouse.gov/members/member-directory;http://ohiohouse.gov/michael-j-skindell;https://ohiohouse.gov/members/michael-j-skindell;https://www.legislature.ohio.gov/legislators/house-directory,,,,,,,,,,,
ocd-person/100ae6b0-0c5d-4b97-9ac5-8ccb42b9168b,Michele Grim,Democratic,43,lower,Michele,Grim,,,,,,https://www.legislature.ohio.gov/assets/people/michele-grim/headshots/thumbnails/medium/michele-grim-january-2023-headshot_medium.jpg,,https://ohiohouse.gov/members/michele-grim;https://www.legislature.ohio.gov/legislators/house-directory,,,,,,,,,,,
ocd-person/79af20c0-6eb6-44a2-ba79-9c7e5e10ea04,Michele Reynolds,Republican,3,upper,Michele,Reynolds,,,,,,https://www.legislature.ohio.gov/assets/people/michele-reynolds/headshots/thumbnails/medium/michele-reynolds-may-2023-headshot_medium.jpg,,https://ohiosenate.gov/members/michele-reynolds;https://www.legislature.ohio.gov/legislators/senate-directory,,,,,,,,,,,
ocd-person/495f037f-b054-4eea-956f-05f672bcf142,Mike Loychik,Republican,65,lower,Mike,Loychik,,,,,,https://www.legislature.ohio.gov/assets/people/mike-loychik/headshots/thumbnails/medium/mike-loychik-january-2021-headshot_medium.jpg,http://ohiohouse.gov/mike-loychik,http://ohiohouse.gov/mike-loychik;https://ohiohouse.gov/members/mike-loychik;https://www.legislature.ohio.gov/legislators/house-directory,,,,,,,,,,,
ocd-person/062b9622-c2fa-4af2-bbea-704f0450dd47,Monica Robb Blasdel,Republican,79,lower,,,,,,,,https://www.legislature.ohio.gov/assets/people/monica-robb-blasdel/headshots/thumbnails/medium/monica-robb-blasdel-january-2023-headshot_medium.jpg,,https://ohiohouse.gov/members/monica-robb-blasdel;https://www.legislature.ohio.gov/legislators/house-directory,,,,,,,,,,,
ocd-person/538fefb8-d8ae-48f5-bb07-4161e2ccac55,Munira Abdullahi,Democratic,9,lower,Munira,Abdullahi,,,,,,https://www.legislature.ohio.gov/assets/people/munira-abdullahi/headshots/thumbnails/medium/munira-yasin-abdullahi-february-2023-headshot_medium.jpg,,https://ohiohouse.gov/members/munira-yasin-abdullahi;https://www.legislature.ohio.gov/legislators/house-directory;https://ohiohouse.gov/members/munira-abdullahi,,,,,,,,,,,
ocd-person/d3508136-3927-461f-a2f0-a85665845ab1,Nathan H. Manning,Republican,13,upper,Nathan,Manning,,sd13@ohiosenate.gov,,,,https://www.legislature.ohio.gov/assets/people/nathan-h-manning/headshots/thumbnails/medium/nathan-h-manning-may-2023-headshot_medium.jpg,http://www.ohiosenate.gov/senators/manning,http://www.ohiosenate.gov/senators;https://ohiosenate.gov/members/nathan-h-manning;https://www.legislature.ohio.gov/legislators/senate-directory,,,,,,,,,,,
ocd-person/64305698-f25c-486e-b57f-00298cfbe15d,Nick Santucci,Republican,64,lower,Nick,Santucci,,,,,,https://www.legislature.ohio.gov/assets/people/nick-santucci/headshots/thumbnails/medium/nick-santucci-january-2023-headshot_medium.jpg,,https://ohiohouse.gov/members/nick-santucci;https://www.legislature.ohio.gov/legislators/house-directory,,,,,,,,,,,
ocd-person/df5c391c-65e8-4d61-a9b9-0249ff6eddb7,Nickie J. Antonio,Democratic,23,upper,Nickie,Antonio,,sd23@ohiosenate.gov,"State Representative Nickie J. Antonio (D-Lakewood) is honored to be serving
her fourth term in the Ohio House of Representatives. Representing the 13",,,https://www.legislature.ohio.gov/assets/people/nickie-j-antonio/headshots/thumbnails/medium/nickie-j-antonio-may-2023-headshot_medium.jpg,http://www.ohiosenate.gov/senators/antonio,http://www.ohiosenate.gov/senators;https://ohiosenate.gov/members/nickie-j-antonio;https://www.legislature.ohio.gov/legislators/senate-directory,,,,,,,,,,,
ocd-person/5c7158e0-2f04-4021-8947-50d1d4cd5cae,Niraj Antani,Republican,6,upper,Niraj,Antani,,sd06@ohiosenate.gov,,,,https://www.legislature.ohio.gov/assets/people/niraj-antani/headshots/thumbnails/medium/niraj-antani-may-2023-headshot_medium.jpg,http://www.ohiohouse.gov/niraj-antani;http://www.ohiosenate.gov/senators/antani,http://www.ohiohouse.gov/members/member-directory;http://www.ohiosenate.gov/senators;https://ohiosenate.gov/members/niraj-antani;https://www.legislature.ohio.gov/legislators/senate-directory,,,,,,,,,,,
ocd-person/686478b9-1dbf-4903-a4df-27942ac0a58c,P. Scott Lipps,Republican,55,lower,Scott,Lipps,,rep62@ohiohouse.gov,"State Representative Scott Lipps is currently serving his second term in
the Ohio House of Representatives. He represents the 62nd Ohio House District, which
includes much of Warren County.",,,https://www.legislature.ohio.gov/assets/people/p-scott-lipps/headshots/thumbnails/medium/p-scott-lipps-january-2023-headshot_medium.jpg,http://www.ohiohouse.gov/p-scott-lipps;http://ohiohouse.gov/p-scott-lipps,http://www.ohiohouse.gov/members/member-directory;http://ohiohouse.gov/p-scott-lipps;https://ohiohouse.gov/members/p-scott-lipps;https://www.legislature.ohio.gov/legislators/house-directory,,,,,,,,,,,
ocd-person/3329274c-22b6-4b0a-b12a-e64c5733bef9,Paula Hicks-Hudson,Democratic,11,upper,Paula,Hicks-Hudson,,rep44@ohiohouse.gov,"""As the first black female mayor of Toledo, State Rep. Paula Hicks Hudson\
\ has always exhibited a commitment to empowering and helping people improve their\
\ quality of life. She currently represents Ohio\u2019s 44""",,,https://www.legislature.ohio.gov/assets/people/paula-hicks-hudson/headshots/thumbnails/medium/paula-hicks-hudson-may-2023-headshot_medium.jpg,http://www.ohiohouse.gov/paula-hicks-hudson;http://ohiohouse.gov/paula-hicks-hudson,http://www.ohiohouse.gov/members/member-directory;http://ohiohouse.gov/paula-hicks-hudson;https://ohiosenate.gov/members/paula-hicks-hudson;https://www.legislature.ohio.gov/legislators/senate-directory,,,,,,,paulahickshuds1,,hickshudsonpaula,,
ocd-person/1e218942-95f6-43fe-b935-b19ab70fd5fc,Phil Plummer,Republican,39,lower,Phil,Plummer,,rep40@ohiohouse.gov,"State Representative Phil Plummer is currently serving his first term as
state representative. He represents the 40",,,https://www.legislature.ohio.gov/assets/people/phil-plummer/headshots/thumbnails/medium/phil-plummer-january-2021-headshot_medium.jpg,http://www.ohiohouse.gov/phil-plummer;http://ohiohouse.gov/phil-plummer,http://www.ohiohouse.gov/members/member-directory;http://ohiohouse.gov/phil-plummer;https://ohiohouse.gov/members/phil-plummer;https://www.legislature.ohio.gov/legislators/house-directory,,,,,,,,,,,
ocd-person/78d5adbb-ec6a-4212-9cc7-335f5d9ded8c,"Phillip M. Robinson, Jr.",Democratic,19,lower,Phillip,Robinson,,rep06@ohiohouse.gov,"""Phil Robinson (D-Solon) currently serves as the State Representative for\
\ Ohio\u2019s 6th House District, which includes the towns and villages of Bentleyville,\
\ Brecksville, Broadview Heights, Chagrin Falls, Chagrin Falls Township, Gates Mills,\
\ Glenwillow, Highland Heights, Hunting Valley, Independence, Lyndhurst, Mayfield\
\ Village, Moreland Hills, Oakwood, Seven Hills, Solon, Valley View and Walton Hills.""",,,https://www.legislature.ohio.gov/assets/people/phillip-m-robinson-jr/headshots/thumbnails/medium/phillip-m-robinson-jr-january-2019-headshot_medium.jpg,http://www.ohiohouse.gov/phillip-m-robinson-jr;http://ohiohouse.gov/phillip-m-robinson-jr,http://www.ohiohouse.gov/members/member-directory;http://ohiohouse.gov/phillip-m-robinson-jr;https://ohiohouse.gov/members/phillip-m-robinson-jr;https://www.legislature.ohio.gov/legislators/house-directory,,,,,,,,,,,
ocd-person/36f320a8-be34-43c2-ac73-ee87fbce6b0c,Rachel B. Baker,Democratic,27,lower,,,,,,,,https://www.legislature.ohio.gov/assets/people/rachel-b-baker/headshots/thumbnails/medium/rachel-b-baker-january-2023-headshot_medium.jpg,,https://ohiohouse.gov/members/rachel-b-baker;https://www.legislature.ohio.gov/legislators/house-directory,,,,,,,,,,,
ocd-person/279245fa-5112-413b-b52f-1115889a8185,Reggie Stoltzfus,Republican,50,lower,Reggie,Stoltzfus,,rep50@ohiohouse.gov,"State Representative Reggie Stoltzfus is currently serving his first term
as state representative. He represents the 50",,,https://www.legislature.ohio.gov/assets/people/reggie-stoltzfus/headshots/thumbnails/medium/reggie-stoltzfus-january-2021-headshot_medium.jpg,http://www.ohiohouse.gov/reggie-stoltzfus;http://ohiohouse.gov/reggie-stoltzfus,http://www.ohiohouse.gov/members/member-directory;http://ohiohouse.gov/reggie-stoltzfus;https://ohiohouse.gov/members/reggie-stoltzfus;https://www.legislature.ohio.gov/legislators/house-directory,,,,,,,,,,,
ocd-person/2e5a68dc-fdb3-4517-8c09-ac0fe1d84c4f,Richard D. Brown,Democratic,5,lower,Richard,Brown,,rep20@ohiohouse.gov,"""Richard Brown received a Bachelor of Arts and graduated Summa Cum Laude\
\ from the University of Cincinnati, followed by receiving a Juris Doctorate from\
\ The Ohio State University.\_As an attorney practicing private law for over 35\
\ years, Brown\u2019s concentration and success with hundreds of construction, oil\
\ and gas, medical malpractice and insurance coverage litigation cases helped earn\
\ him licenses to practice law in Ohio, various federal courts and the United States\
\ Sixth Circuit Court of Appeals.""",,,https://www.legislature.ohio.gov/assets/people/richard-d-brown/headshots/thumbnails/medium/richard-d-brown-august-2017-headshot_medium.jpg,http://www.ohiohouse.gov/richard-d-brown;http://ohiohouse.gov/richard-d-brown,http://www.ohiohouse.gov/members/member-directory;http://ohiohouse.gov/richard-d-brown;https://www.legislature.ohio.gov/legislators/house-directory;https://ohiohouse.gov/members/richard-d-brown,,,,,,,,,,,
ocd-person/f831e20a-400e-4498-a3c9-719bb6e9ef66,Richard Dell'Aquila,Democratic,15,lower,Richard,Dell'Aquila,,,,,,https://www.legislature.ohio.gov/assets/people/richard-dellaquila/headshots/thumbnails/medium/richard-dellaquila-january-2023-headshot_medium.jpg,,https://ohiohouse.gov/members/richard-dellaquila;https://www.legislature.ohio.gov/legislators/house-directory,,,,,,,,,,,
ocd-person/d6ca7e4f-dcf2-4aad-a919-a2740bae649a,Riordan T. McClain,Republican,87,lower,Riordan,McClain,,rep87@ohiohouse.gov,"State Representative Riordan McClain is currently serving his first full
term in the Ohio House of Representatives, having been appointed in January 2018
during the 132nd General Assembly. He represents the 87th House District, which
includes Wyandot, Crawford, and Morrow counties, as well as portions of Marion and
Seneca counties.",,,https://www.legislature.ohio.gov/assets/people/riordan-t-mcclain/headshots/thumbnails/medium/riordan-t-mcclain-january-2021-headshot_medium.jpg,http://www.ohiohouse.gov/riordan-t-mcclain;http://ohiohouse.gov/riordan-t-mcclain,http://www.ohiohouse.gov/members/member-directory;http://ohiohouse.gov/riordan-t-mcclain;https://ohiohouse.gov/members/riordan-t-mcclain;https://www.legislature.ohio.gov/legislators/house-directory,,,,,,,,,,,
ocd-person/e0d52f86-e997-4299-9e50-972a2c208c20,Rob McColley,Republican,1,upper,Rob,McColley,,sd01@ohiosenate.gov,,,,https://www.legislature.ohio.gov/assets/people/rob-mccolley/headshots/thumbnails/medium/rob-mccolley-may-2023-headshot_medium.jpg,http://www.ohiosenate.gov/senators/mccolley,http://www.ohiosenate.gov/senators;https://ohiosenate.gov/members/rob-mccolley;https://www.legislature.ohio.gov/legislators/senate-directory,,,,,,,rob_mccolley,,,mccolley4ohio,
ocd-person/c34a852a-71fc-4b21-a594-bc4a75b799c8,Rodney Creech,Republican,40,lower,Rodney,Creech,,,,,,https://www.legislature.ohio.gov/assets/people/rodney-creech/headshots/thumbnails/medium/rodney-creech-january-2021-headshot_medium.jpg,http://ohiohouse.gov/rodney-creech,http://ohiohouse.gov/rodney-creech;https://ohiohouse.gov/members/rodney-creech;https://www.legislature.ohio.gov/legislators/house-directory,,,,,,,,,,,
ocd-person/52608475-9678-45ce-823a-74f9c931682c,Ron Ferguson,Republican,96,lower,Ron,Ferguson,,,,,,https://www.legislature.ohio.gov/assets/people/ron-ferguson/headshots/thumbnails/medium/ron-ferguson-january-2021-headshot_medium.jpg,http://ohiohouse.gov/ron-ferguson,http://ohiohouse.gov/ron-ferguson;https://ohiohouse.gov/members/ron-ferguson;https://www.legislature.ohio.gov/legislators/house-directory,,,,,,,,,,,
ocd-person/73e72147-0d40-4478-bbf6-3419f0e00b46,Roy Klopfenstein,Republican,82,lower,Roy,Klopfenstein,,,,,,https://www.legislature.ohio.gov/assets/people/roy-klopfenstein/headshots/thumbnails/medium/roy-klopfenstein-january-2023-headshot_medium.jpg,,https://ohiohouse.gov/members/roy-klopfenstein;https://www.legislature.ohio.gov/legislators/house-directory,,,,,,,,,,,
ocd-person/d665e333-f7e3-43e2-b440-17920f62c60b,Sandra O'Brien,Republican,32,upper,Sandra,O'Brien,,sd32@ohiosenate.gov,,,,https://www.legislature.ohio.gov/assets/people/sandra-obrien/headshots/thumbnails/medium/sandra-obrien-may-2023-headshot_medium.jpg,http://www.ohiosenate.gov/senators/obrien,http://www.ohiosenate.gov/senators;https://ohiosenate.gov/members/sandra-obrien;https://www.legislature.ohio.gov/legislators/senate-directory,,,,,,,,,,,
ocd-person/28b00914-a20f-4d23-8dcb-d21d0f38245e,Sara P. Carruthers,Republican,47,lower,Sara,Carruthers,,rep51@ohiohouse.gov,"State Representative Sara Carruthers is currently serving her first term
as state representative. She represents the 51st House District, which encompasses
portions of Butler County, including the cities of Hamilton and Fairfield, Ross
Township, and portions of Fairfield, Hanover, and St. Clair townships.",,,https://www.legislature.ohio.gov/assets/people/sara-p-carruthers/headshots/thumbnails/medium/sara-p-carruthers-january-2021-headshot_medium.jpg,http://www.ohiohouse.gov/sara-p-carruthers;http://ohiohouse.gov/sara-p-carruthers,http://www.ohiohouse.gov/members/member-directory;http://ohiohouse.gov/sara-p-carruthers;https://ohiohouse.gov/members/sara-p-carruthers;https://www.legislature.ohio.gov/legislators/house-directory,,,,,,,,,,,
ocd-person/5b3a7d10-e745-4985-ade9-d7fff6ae6af4,Sarah Fowler Arthur,Republican,99,lower,,,,,,,,https://www.legislature.ohio.gov/assets/people/sarah-fowler-arthur/headshots/thumbnails/medium/sarah-fowler-arthur-february-2023-headshot_medium.jpg,http://ohiohouse.gov/sarah-fowler-arthur,http://ohiohouse.gov/sarah-fowler-arthur;https://ohiohouse.gov/members/sarah-fowler-arthur;https://www.legislature.ohio.gov/legislators/house-directory,,,,,,,,,,,
ocd-person/52424e91-a002-4908-a205-4ea27cfe68da,Scott Oelslager,Republican,48,lower,Scott,Oelslager,,rep48@ohiohouse.gov,,,,https://www.legislature.ohio.gov/assets/people/scott-oelslager/headshots/thumbnails/medium/scott-oelslager-february-2023-headshot_medium.jpg,http://www.ohiohouse.gov/scott-oelslager;http://ohiohouse.gov/scott-oelslager,http://www.ohiohouse.gov/members/member-directory;http://ohiohouse.gov/scott-oelslager;https://ohiohouse.gov/members/scott-oelslager;https://www.legislature.ohio.gov/legislators/house-directory,,,,,,,,,,,
ocd-person/76ac1fd9-fc8e-47ae-9eb7-5278b4f14704,Scott Wiggam,Republican,77,lower,Scott,Wiggam,,rep01@ohiohouse.gov,"Representative Scott Wiggam is currently serving his second term as state
representative for the 1st Ohio House District, which encompasses all of Wayne County.",,,https://www.legislature.ohio.gov/assets/people/scott-wiggam/headshots/thumbnails/medium/scott-wiggam-january-2021-headshot_medium.jpg,http://www.ohiohouse.gov/scott-wiggam;http://ohiohouse.gov/scott-wiggam,http://www.ohiohouse.gov/members/member-directory;http://ohiohouse.gov/scott-wiggam;https://ohiohouse.gov/members/scott-wiggam;https://www.legislature.ohio.gov/legislators/house-directory,,,,,,,,,,,
ocd-person/993f089c-60bf-418d-9704-fa92e4f01c71,Sean P. Brennan,Democratic,14,lower,,,,,,,,https://www.legislature.ohio.gov/assets/people/sean-p-brennan/headshots/thumbnails/medium/sean-p-brennan-january-2023-headshot_medium.jpg,,https://ohiohouse.gov/members/sean-p-brennan;https://www.legislature.ohio.gov/legislators/house-directory,,,,,,,,,,,
ocd-person/6425a65f-bd3e-4ac8-a0a5-c047e38c145c,Sedrick Denson,Democratic,26,lower,Sedrick,Denson,,rep33@ohiohouse.gov,"""State Rep. Sedrick Denson (D-Cincinnati) is a third generation Cincinnatian\
\ who has dedicated his entire career to empowering, leading and serving the citizens\
\ of Cincinnati. He currently represents Ohio\u2019s 33rd House District.""",,,https://www.legislature.ohio.gov/assets/people/sedrick-denson/headshots/thumbnails/medium/sedrick-denson-january-2021-headshot_medium.jpg,http://www.ohiohouse.gov/sedrick-denson;http://ohiohouse.gov/sedrick-denson,http://www.ohiohouse.gov/members/member-directory;http://ohiohouse.gov/sedrick-denson;https://ohiohouse.gov/members/sedrick-denson;https://www.legislature.ohio.gov/legislators/house-directory,,,,,,,,,,,
ocd-person/bb1ae016-cdfe-48aa-8bc5-9e3636e430f3,Shane Wilkin,Republican,17,upper,Shane,Wilkin,,rep91@ohiohouse.gov,"State Representative Shane Wilkin is serving his first term in the Ohio
House of Representatives after being appointed during the 132",,,https://www.legislature.ohio.gov/assets/people/shane-wilkin/headshots/thumbnails/medium/shane-wilkin-may-2023-headshot_medium.jpg,http://www.ohiohouse.gov/shane-wilkin;http://ohiohouse.gov/shane-wilkin,http://www.ohiohouse.gov/members/member-directory;http://ohiohouse.gov/shane-wilkin;https://ohiosenate.gov/members/shane-wilkin;https://www.legislature.ohio.gov/legislators/senate-directory,,,,,,,,,,,
ocd-person/352d7ee9-256c-4195-a673-17b7ee200948,Sharon A. Ray,Republican,66,lower,,,,,,,,https://www.legislature.ohio.gov/assets/people/sharon-a-ray/headshots/thumbnails/medium/sharon-a-ray-january-2021-headshot_medium.jpg,http://ohiohouse.gov/sharon-a-ray,http://ohiohouse.gov/sharon-a-ray;https://ohiohouse.gov/members/sharon-a-ray;https://www.legislature.ohio.gov/legislators/house-directory,,,,,,,,,,,
ocd-person/fd6110b8-258e-4f63-95e2-39ba11778cca,Stephanie Kunze,Republican,16,upper,Stephanie,Kunze,,sd16@ohiosenate.gov,,,,https://www.legislature.ohio.gov/assets/people/stephanie-kunze/headshots/thumbnails/medium/stephanie-kunze-may-2023-headshot_medium.jpg,http://www.ohiosenate.gov/senators/kunze,http://www.ohiosenate.gov/senators;https://ohiosenate.gov/members/stephanie-kunze;https://www.legislature.ohio.gov/legislators/senate-directory,,,,,,,stephaniekunze,,,,
ocd-person/b21d9dcd-21e9-4071-936d-f89fc5d8f643,Stephen A. Huffman,Republican,5,upper,Stephen,Huffman,,sd05@ohiosenate.gov,,,,https://www.legislature.ohio.gov/assets/people/stephen-a-huffman/headshots/thumbnails/medium/stephen-a-huffman-may-2023-headshot_medium.jpg,http://www.ohiosenate.gov/senators/huffman-s,http://www.ohiosenate.gov/senators;https://ohiosenate.gov/members/stephen-a-huffman;https://www.legislature.ohio.gov/legislators/senate-directory,,,,,,,,,,,
ocd-person/854b6ce3-a4e1-46db-959a-aa286e4e8942,Steve Demetriou,Republican,35,lower,Steve,Demetriou,,,,,,https://www.legislature.ohio.gov/assets/people/steve-demetriou/headshots/thumbnails/medium/steve-demetriou-january-2023-headshot_medium.jpg,,https://ohiohouse.gov/members/steve-demetriou;https://www.legislature.ohio.gov/legislators/house-directory,,,,,,,,,,,
ocd-person/26444e7e-72b2-4838-bc24-31899c90d504,Steve Wilson,Republican,7,upper,Steve,Wilson,,sd07@ohiosenate.gov,,,,https://www.legislature.ohio.gov/assets/people/steve-wilson/headshots/thumbnails/medium/steve-wilson-may-2023-headshot_medium.jpg,http://www.ohiosenate.gov/senators/wilson,http://www.ohiosenate.gov/senators;https://ohiosenate.gov/members/steve-wilson;https://www.legislature.ohio.gov/legislators/senate-directory,,,,,,,stevewilsonoh,,,stevewilsonoh,
ocd-person/0e44b586-f6a4-44ee-b6b7-37fa8dc2e8cd,Susan Manchester,Republican,78,lower,Susan,Manchester,,rep84@ohiohouse.gov,"State Representative Susan Manchester is serving her first term in the
Ohio House of Representatives. She represents the 84th District, which encompasses
Mercer County, as well as portions of Auglaize, Darke and Shelby counties.",,,https://www.legislature.ohio.gov/assets/people/susan-manchester/headshots/thumbnails/medium/susan-manchester-january-2023-headshot_medium.jpg,http://www.ohiohouse.gov/susan-manchester;http://ohiohouse.gov/susan-manchester,http://www.ohiohouse.gov/members/member-directory;http://ohiohouse.gov/susan-manchester;https://ohiohouse.gov/members/susan-manchester;https://www.legislature.ohio.gov/legislators/house-directory,,,,,,,,,,,
ocd-person/9ee2a50c-8419-4974-a039-4713b613a655,Tavia Galonski,Democratic,33,lower,Tavia,Galonski,,rep35@ohiohouse.gov,"""As a former Teamster and daughter of UAW worker, state Rep. Tavia Galonski\
\ (D-Akron) knows the importance of rewarding hard work and putting family first.\_\
From the creation of new, better-paying jobs to fully funding our schools and protecting\
\ our children, Galonski is focused on using her legal expertise and work experience\
\ to address the biggest challenges facing the state and improve the quality of\
\ life for residents of the 35""",,,https://www.legislature.ohio.gov/assets/people/tavia-galonski/headshots/thumbnails/medium/tavia-galonski-january-2023-headshot_medium.jpg,http://www.ohiohouse.gov/tavia-galonski;http://ohiohouse.gov/tavia-galonski,http://www.ohiohouse.gov/members/member-directory;http://ohiohouse.gov/tavia-galonski;https://ohiohouse.gov/members/tavia-galonski;https://www.legislature.ohio.gov/legislators/house-directory,,,,,,,,,,,
ocd-person/a4c53220-d4a7-4591-b2d8-109516dc9401,Terrence Upchurch,Democratic,20,lower,Terrence,Upchurch,,rep10@ohiohouse.gov,"Terrence Upchurch recently served as a special assistant to Cleveland City
Council and previously worked alongside Cuyahoga County Councilman Anthony Hairston.
From his time working in city council, Terrence has learned and developed a keen
understanding of the nuances of government which he brings to the Statehouse.",,,https://www.legislature.ohio.gov/assets/people/terrence-upchurch/headshots/thumbnails/medium/terrence-upchurch-january-2021-headshot_medium.jpg,http://www.ohiohouse.gov/terrence-upchurch;http://ohiohouse.gov/terrence-upchurch,http://www.ohiohouse.gov/members/member-directory;http://ohiohouse.gov/terrence-upchurch;https://ohiohouse.gov/members/terrence-upchurch;https://www.legislature.ohio.gov/legislators/house-directory,,,,,,,,,,,
ocd-person/57300c34-0e2d-4e85-bdce-c4fb8c781541,Terry Johnson,Republican,14,upper,Terry,Johnson,,sd14@ohiosenate.gov,,,,https://www.legislature.ohio.gov/assets/people/terry-johnson/headshots/thumbnails/medium/terry-johnson-may-2023-headshot_medium.jpg,http://www.ohiosenate.gov/senators/johnson,http://www.ohiosenate.gov/senators;https://ohiosenate.gov/members/terry-johnson;https://www.legislature.ohio.gov/legislators/senate-directory,,,,,,,,,,,
ocd-person/081534e7-8952-47f0-a722-ed627fb32069,Thaddeus J. Claggett,Republican,68,lower,,,,,,,,https://www.legislature.ohio.gov/assets/people/thaddeus-j-claggett/headshots/thumbnails/medium/thaddeus-j-claggett-january-2023-headshot_medium.jpg,,https://ohiohouse.gov/members/thaddeus-j-claggett;https://www.legislature.ohio.gov/legislators/house-directory,,,,,,,,,,,
ocd-person/0fe32749-fe89-4f96-87d3-3d831bea2459,Theresa Gavarone,Republican,2,upper,Theresa,Gavarone,,sd02@ohiosenate.gov,,,,https://www.legislature.ohio.gov/assets/people/theresa-gavarone/headshots/thumbnails/medium/theresa-gavarone-may-2023-headshot_medium.jpg,http://www.ohiosenate.gov/senators/gavarone,http://www.ohiosenate.gov/senators;https://ohiosenate.gov/members/theresa-gavarone;https://www.legislature.ohio.gov/legislators/senate-directory,,,,,,,,,,,
ocd-person/a57f6c78-ac58-4f7d-870e-0d8052984cd9,Thomas F. Patton,Republican,17,lower,Thomas,Patton,,rep07@ohiohouse.gov,"A lifelong resident of Cuyahoga County, Representative Tom Patton grew
up as one of nine kids on the near west side of Cleveland. The son of a Cleveland
police officer and the father of a Cleveland Heights police officer who tragically
died in the line of duty, Representative Patton has taken up many legislative initiatives
pertaining to police, firefighters, and first responders. Previously serving as
a state representative from 2003-2008 and then as a state senator, he returned to
the Ohio House in 2016 to serve the 7th House District as the Majority Whip and
in 2019 began his second consecutive term. Though...",,,https://www.legislature.ohio.gov/assets/people/thomas-f-patton/headshots/thumbnails/medium/thomas-f-patton-january-2021-headshot_medium.jpg,http://www.ohiohouse.gov/thomas-f-patton;http://ohiohouse.gov/thomas-f-patton,http://www.ohiohouse.gov/members/member-directory;http://ohiohouse.gov/thomas-f-patton;https://ohiohouse.gov/members/thomas-f-patton;https://www.legislature.ohio.gov/legislators/house-directory,,,,,,,,,,,
ocd-person/7948afad-ec3c-4e4c-a073-305fb8cd1b21,Thomas Hall,Republican,46,lower,Thomas,Hall,,,,,,https://www.legislature.ohio.gov/assets/people/thomas-hall/headshots/thumbnails/medium/thomas-hall-january-2021-headshot_medium.jpg,http://ohiohouse.gov/thomas-hall,http://ohiohouse.gov/thomas-hall;https://ohiohouse.gov/members/thomas-hall;https://www.legislature.ohio.gov/legislators/house-directory,,,,,,,,,,,
ocd-person/fa5ff978-34ff-49d1-958e-4e356a8ef9d4,Tim Barhorst,Republican,85,lower,Tim,Barhorst,,,,,,https://www.legislature.ohio.gov/assets/people/tim-barhorst/headshots/thumbnails/medium/tim-barhorst-january-2023-headshot_medium.jpg,,https://ohiohouse.gov/members/tim-barhorst;https://www.legislature.ohio.gov/legislators/house-directory,,,,,,,,,,,
ocd-person/01a80305-a667-4dda-9676-1e678bddde12,Tim Schaffer,Republican,20,upper,Tim,Schaffer,,sd20@ohiosenate.gov,"A lifelong resident of Central & Southeast Ohio, Representative Tim Schaffer
is currently serving in his sixth term in the Ohio House of Representatives, serving
the 77",,,https://www.legislature.ohio.gov/assets/people/tim-schaffer/headshots/thumbnails/medium/tim-schaffer-may-2023-headshot_medium.jpg,http://www.ohiosenate.gov/senators/schaffer,http://www.ohiosenate.gov/senators;https://ohiosenate.gov/members/tim-schaffer;https://www.legislature.ohio.gov/legislators/senate-directory,,,,,,,,,,,
ocd-person/d2ecec1d-db13-4a47-836b-9e75f3a31c78,Tom Young,Republican,37,lower,Tom,Young,,,,,,https://www.legislature.ohio.gov/assets/people/tom-young/headshots/thumbnails/medium/tom-young-january-2021-headshot_medium.jpg,http://ohiohouse.gov/tom-young,http://ohiohouse.gov/tom-young;https://www.legislature.ohio.gov/legislators/house-directory;https://ohiohouse.gov/members/tom-young,,,,,,,,,,,
ocd-person/7bcb4dfa-e4d3-46cd-b158-057b1b4b9a0a,Tracy M. Richardson,Republican,86,lower,Tracy,Richardson,,rep86@ohiohouse.gov,,,,https://www.legislature.ohio.gov/assets/people/tracy-m-richardson/headshots/thumbnails/medium/tracy-m-richardson-january-2023-headshot_medium.jpg,http://www.ohiohouse.gov/tracy-m-richardson;http://ohiohouse.gov/tracy-m-richardson,http://www.ohiohouse.gov/members/member-directory;http://ohiohouse.gov/tracy-m-richardson;https://ohiohouse.gov/members/tracy-m-richardson;https://www.legislature.ohio.gov/legislators/house-directory,,,,,,,,,,,
ocd-person/c91ca7db-c471-4d6d-8e6d-e78a6f238e8f,Vernon Sykes,Democratic,28,upper,Vernon,Sykes,,sd28@ohiosenate.gov,,,,https://www.legislature.ohio.gov/assets/people/vernon-sykes/headshots/thumbnails/medium/vernon-sykes-may-2023-headshot_medium.jpg,http://www.ohiosenate.gov/senators/sykes,http://www.ohiosenate.gov/senators;https://ohiosenate.gov/members/vernon-sykes;https://www.legislature.ohio.gov/legislators/senate-directory,,,,,,,drvernonsykes,,,senatorvernonsykes,
ocd-person/bdc3493a-a22f-4a6b-b50e-b590216d8cfd,William P. DeMora,Democratic,25,upper,,,,,,,,https://www.legislature.ohio.gov/assets/people/william-p-demora/headshots/thumbnails/medium/william-p-demora-may-2023-headshot_medium.jpg,,https://ohiosenate.gov/members/william-p-demora;https://www.legislature.ohio.gov/legislators/senate-directory,,,,,,,senbilldemora,,senbilldemora,,
ocd-person/23c443b0-e2f7-4c7a-af1e-d67d7aa366ce,"Willis E. Blackshear, Jr.",Democratic,38,lower,,,,,,,,https://www.legislature.ohio.gov/assets/people/willis-e-blackshear-jr/headshots/thumbnails/medium/willis-e-blackshear-jr-january-2023-headshot_medium.jpg,http://ohiohouse.gov/willis-e-blackshear-jr,http://ohiohouse.gov/willis-e-blackshear-jr;https://ohiohouse.gov/members/willis-e-blackshear-jr;https://www.legislature.ohio.gov/legislators/house-directory,,,,,,,,,,,
